user_id	userID
196	0
186	1
22	2
244	3
166	4
298	5
115	6
253	7
305	8
6	9
62	10
286	11
200	12
210	13
224	14
303	15
122	16
194	17
291	18
234	19
119	20
167	21
299	22
308	23
95	24
38	25
102	26
63	27
160	28
50	29
301	30
225	31
290	32
97	33
157	34
181	35
278	36
276	37
7	38
10	39
284	40
201	41
287	42
246	43
242	44
249	45
99	46
178	47
251	48
81	49
260	50
25	51
59	52
72	53
87	54
42	55
292	56
20	57
13	58
138	59
60	60
57	61
223	62
189	63
243	64
92	65
241	66
254	67
293	68
127	69
222	70
267	71
11	72
8	73
162	74
279	75
145	76
28	77
135	78
32	79
90	80
216	81
250	82
271	83
265	84
198	85
168	86
110	87
58	88
237	89
94	90
128	91
44	92
264	93
41	94
82	95
262	96
174	97
43	98
84	99
269	100
259	101
85	102
213	103
121	104
49	105
155	106
68	107
172	108
19	109
268	110
5	111
80	112
66	113
18	114
26	115
130	116
256	117
1	118
56	119
15	120
207	121
232	122
52	123
161	124
148	125
125	126
83	127
272	128
151	129
54	130
16	131
91	132
294	133
229	134
36	135
70	136
14	137
295	138
233	139
214	140
192	141
100	142
307	143
297	144
193	145
113	146
275	147
219	148
218	149
123	150
158	151
302	152
23	153
296	154
33	155
154	156
77	157
270	158
187	159
170	160
101	161
184	162
112	163
133	164
215	165
69	166
104	167
240	168
144	169
191	170
61	171
142	172
177	173
203	174
21	175
197	176
134	177
180	178
236	179
263	180
109	181
64	182
114	183
239	184
117	185
65	186
137	187
257	188
111	189
285	190
96	191
116	192
73	193
221	194
235	195
164	196
281	197
182	198
129	199
45	200
131	201
230	202
126	203
231	204
280	205
288	206
152	207
217	208
79	209
75	210
245	211
282	212
78	213
118	214
283	215
171	216
107	217
226	218
306	219
173	220
185	221
150	222
274	223
188	224
48	225
311	226
165	227
208	228
2	229
205	230
248	231
93	232
159	233
146	234
29	235
156	236
37	237
141	238
195	239
108	240
47	241
255	242
89	243
140	244
190	245
24	246
17	247
313	248
53	249
124	250
149	251
176	252
106	253
312	254
175	255
153	256
220	257
143	258
199	259
202	260
277	261
206	262
76	263
314	264
136	265
179	266
4	267
304	268
3	269
227	270
252	271
212	272
310	273
35	274
147	275
105	276
34	277
71	278
51	279
204	280
315	281
31	282
316	283
103	284
318	285
30	286
120	287
46	288
289	289
209	290
261	291
88	292
9	293
247	294
321	295
266	296
74	297
238	298
319	299
323	300
67	301
211	302
98	303
12	304
40	305
258	306
228	307
325	308
320	309
326	310
327	311
183	312
328	313
322	314
330	315
27	316
331	317
332	318
329	319
86	320
139	321
300	322
163	323
333	324
334	325
39	326
324	327
132	328
336	329
335	330
169	331
338	332
339	333
309	334
342	335
340	336
317	337
341	338
343	339
344	340
345	341
346	342
347	343
273	344
55	345
349	346
348	347
354	348
351	349
358	350
352	351
360	352
363	353
355	354
362	355
357	356
356	357
361	358
365	359
350	360
367	361
368	362
371	363
373	364
370	365
374	366
372	367
337	368
378	369
366	370
377	371
375	372
359	373
379	374
380	375
381	376
385	377
382	378
387	379
364	380
369	381
388	382
386	383
389	384
383	385
390	386
393	387
392	388
376	389
394	390
391	391
398	392
397	393
399	394
396	395
401	396
402	397
384	398
395	399
353	400
403	401
405	402
400	403
406	404
407	405
409	406
404	407
413	408
416	409
408	410
410	411
411	412
417	413
412	414
420	415
422	416
425	417
419	418
415	419
423	420
429	421
428	422
427	423
418	424
424	425
432	426
421	427
435	428
433	429
426	430
436	431
430	432
434	433
437	434
438	435
431	436
442	437
440	438
445	439
447	440
449	441
450	442
446	443
439	444
451	445
452	446
454	447
453	448
414	449
455	450
444	451
448	452
457	453
456	454
458	455
462	456
459	457
460	458
461	459
467	460
468	461
466	462
472	463
465	464
463	465
471	466
474	467
469	468
464	469
476	470
478	471
473	472
470	473
480	474
441	475
479	476
484	477
486	478
487	479
482	480
481	481
492	482
493	483
490	484
483	485
489	486
496	487
494	488
495	489
477	490
497	491
488	492
498	493
499	494
491	495
500	496
502	497
503	498
504	499
505	500
506	501
443	502
507	503
514	504
508	505
511	506
515	507
512	508
513	509
475	510
523	511
518	512
509	513
516	514
510	515
524	516
501	517
525	518
521	519
520	520
528	521
532	522
530	523
531	524
529	525
517	526
527	527
485	528
519	529
533	530
535	531
536	532
526	533
537	534
534	535
541	536
538	537
542	538
545	539
539	540
547	541
543	542
548	543
546	544
522	545
551	546
544	547
553	548
552	549
540	550
554	551
550	552
556	553
559	554
560	555
561	556
563	557
566	558
557	559
558	560
564	561
565	562
573	563
549	564
567	565
569	566
562	567
576	568
577	569
579	570
574	571
555	572
572	573
575	574
584	575
588	576
587	577
568	578
586	579
582	580
591	581
581	582
592	583
580	584
590	585
585	586
593	587
583	588
596	589
570	590
599	591
589	592
594	593
597	594
578	595
601	596
602	597
600	598
605	599
603	600
595	601
606	602
608	603
607	604
610	605
611	606
617	607
618	608
614	609
609	610
615	611
616	612
620	613
571	614
619	615
613	616
622	617
621	618
604	619
624	620
612	621
627	622
623	623
628	624
625	625
629	626
633	627
632	628
631	629
634	630
639	631
630	632
642	633
637	634
640	635
626	636
643	637
598	638
638	639
635	640
644	641
636	642
645	643
648	644
647	645
650	646
651	647
654	648
653	649
655	650
649	651
658	652
656	653
660	654
659	655
646	656
663	657
664	658
657	659
665	660
666	661
661	662
662	663
667	664
641	665
668	666
673	667
671	668
669	669
676	670
674	671
652	672
677	673
682	674
679	675
684	676
685	677
683	678
691	679
672	680
692	681
690	682
689	683
686	684
693	685
688	686
697	687
698	688
670	689
694	690
680	691
705	692
701	693
699	694
704	695
707	696
700	697
687	698
695	699
675	700
708	701
709	702
711	703
710	704
712	705
715	706
713	707
716	708
681	709
678	710
719	711
702	712
721	713
714	714
717	715
718	716
696	717
722	718
724	719
727	720
725	721
706	722
720	723
729	724
726	725
728	726
703	727
738	728
736	729
734	730
730	731
743	732
742	733
737	734
733	735
745	736
740	737
735	738
747	739
723	740
739	741
749	742
748	743
746	744
731	745
750	746
741	747
751	748
756	749
757	750
752	751
758	752
732	753
762	754
744	755
754	756
753	757
763	758
764	759
767	760
769	761
755	762
771	763
768	764
773	765
765	766
772	767
766	768
774	769
760	770
761	771
777	772
759	773
776	774
780	775
779	776
778	777
782	778
786	779
784	780
770	781
788	782
789	783
790	784
787	785
783	786
785	787
794	788
781	789
796	790
795	791
793	792
798	793
791	794
802	795
800	796
804	797
803	798
775	799
792	800
799	801
805	802
806	803
807	804
797	805
801	806
809	807
815	808
817	809
821	810
818	811
814	812
812	813
823	814
825	815
827	816
829	817
811	818
830	819
826	820
831	821
808	822
828	823
835	824
833	825
836	826
816	827
838	828
839	829
840	830
819	831
832	832
810	833
844	834
843	835
834	836
846	837
837	838
813	839
842	840
847	841
848	842
822	843
852	844
851	845
849	846
854	847
850	848
858	849
853	850
855	851
824	852
845	853
841	854
859	855
862	856
856	857
820	858
863	859
860	860
857	861
864	862
865	863
868	864
867	865
861	866
870	867
871	868
875	869
876	870
872	871
866	872
877	873
873	874
880	875
878	876
869	877
881	878
879	879
883	880
882	881
884	882
886	883
885	884
889	885
874	886
892	887
890	888
893	889
887	890
891	891
894	892
896	893
897	894
901	895
899	896
903	897
904	898
907	899
905	900
902	901
898	902
895	903
906	904
900	905
908	906
916	907
911	908
912	909
914	910
918	911
919	912
921	913
910	914
913	915
915	916
922	917
923	918
928	919
927	920
924	921
929	922
931	923
917	924
932	925
909	926
934	927
933	928
935	929
938	930
940	931
888	932
925	933
942	934
937	935
926	936
943	937
939	938
936	939
930	940
920	941
941	942
